match_id,id,slot_1,slot_2,slot_3,slot_4,Elixir,ally_prince_tower_left,ally_prince_tower_right,ally_king_tower,enemy_prince_tower_left,enemy_prince_tower_right,enemy_king_tower,archers_ally,archers_ally_x,archers_ally_y,archers_enemy,archers_enemy_x,archers_enemy_y,giant_ally,giant_ally_x,giant_ally_y,giant_enemy,giant_enemy_x,giant_enemy_y,minions_ally,minions_ally_x,minions_ally_y,minions_enemy,minions_enemy_x,minions_enemy_y,goblin cage_ally,goblin cage_ally_x,goblin cage_ally_y,goblin cage_enemy,goblin cage_enemy_x,goblin cage_enemy_y,goblin gang_ally,goblin gang_ally_x,goblin gang_ally_y,goblin gang_enemy,goblin gang_enemy_x,goblin gang_enemy_y,goblin hut_ally,goblin hut_ally_x,goblin hut_ally_y,goblin hut_enemy,goblin hut_enemy_x,goblin hut_enemy_y,goblins_ally,goblins_ally_x,goblins_ally_y,goblins_enemy,goblins_enemy_x,goblins_enemy_y,knight_ally,knight_ally_x,knight_ally_y,knight_enemy,knight_enemy_x,knight_enemy_y,mini pekka_ally,mini pekka_ally_x,mini pekka_ally_y,mini pekka_enemy,mini pekka_enemy_x,mini pekka_enemy_y,musketeer_ally,musketeer_ally_x,musketeer_ally_y,musketeer_enemy,musketeer_enemy_x,musketeer_enemy_y,spear goblins_ally,spear goblins_ally_x,spear goblins_ally_y,spear goblins_enemy,spear goblins_enemy_x,spear goblins_enemy_y,archers_ally_enemy_archers_d,archers_ally_enemy_giant_d,archers_ally_enemy_minions_d,archers_ally_enemy_goblin cage_d,archers_ally_enemy_goblin gang_d,archers_ally_enemy_goblin hut_d,archers_ally_enemy_goblins_d,archers_ally_enemy_knight_d,archers_ally_enemy_mini pekka_d,archers_ally_enemy_musketeer_d,archers_ally_enemy_spear goblins_d,giant_ally_enemy_archers_d,giant_ally_enemy_giant_d,giant_ally_enemy_minions_d,giant_ally_enemy_goblin cage_d,giant_ally_enemy_goblin gang_d,giant_ally_enemy_goblin hut_d,giant_ally_enemy_goblins_d,giant_ally_enemy_knight_d,giant_ally_enemy_mini pekka_d,giant_ally_enemy_musketeer_d,giant_ally_enemy_spear goblins_d,minions_ally_enemy_archers_d,minions_ally_enemy_giant_d,minions_ally_enemy_minions_d,minions_ally_enemy_goblin cage_d,minions_ally_enemy_goblin gang_d,minions_ally_enemy_goblin hut_d,minions_ally_enemy_goblins_d,minions_ally_enemy_knight_d,minions_ally_enemy_mini pekka_d,minions_ally_enemy_musketeer_d,minions_ally_enemy_spear goblins_d,goblin cage_ally_enemy_archers_d,goblin cage_ally_enemy_giant_d,goblin cage_ally_enemy_minions_d,goblin cage_ally_enemy_goblin cage_d,goblin cage_ally_enemy_goblin gang_d,goblin cage_ally_enemy_goblin hut_d,goblin cage_ally_enemy_goblins_d,goblin cage_ally_enemy_knight_d,goblin cage_ally_enemy_mini pekka_d,goblin cage_ally_enemy_musketeer_d,goblin cage_ally_enemy_spear goblins_d,goblin gang_ally_enemy_archers_d,goblin gang_ally_enemy_giant_d,goblin gang_ally_enemy_minions_d,goblin gang_ally_enemy_goblin cage_d,goblin gang_ally_enemy_goblin gang_d,goblin gang_ally_enemy_goblin hut_d,goblin gang_ally_enemy_goblins_d,goblin gang_ally_enemy_knight_d,goblin gang_ally_enemy_mini pekka_d,goblin gang_ally_enemy_musketeer_d,goblin gang_ally_enemy_spear goblins_d,goblin hut_ally_enemy_archers_d,goblin hut_ally_enemy_giant_d,goblin hut_ally_enemy_minions_d,goblin hut_ally_enemy_goblin cage_d,goblin hut_ally_enemy_goblin gang_d,goblin hut_ally_enemy_goblin hut_d,goblin hut_ally_enemy_goblins_d,goblin hut_ally_enemy_knight_d,goblin hut_ally_enemy_mini pekka_d,goblin hut_ally_enemy_musketeer_d,goblin hut_ally_enemy_spear goblins_d,goblins_ally_enemy_archers_d,goblins_ally_enemy_giant_d,goblins_ally_enemy_minions_d,goblins_ally_enemy_goblin cage_d,goblins_ally_enemy_goblin gang_d,goblins_ally_enemy_goblin hut_d,goblins_ally_enemy_goblins_d,goblins_ally_enemy_knight_d,goblins_ally_enemy_mini pekka_d,goblins_ally_enemy_musketeer_d,goblins_ally_enemy_spear goblins_d,knight_ally_enemy_archers_d,knight_ally_enemy_giant_d,knight_ally_enemy_minions_d,knight_ally_enemy_goblin cage_d,knight_ally_enemy_goblin gang_d,knight_ally_enemy_goblin hut_d,knight_ally_enemy_goblins_d,knight_ally_enemy_knight_d,knight_ally_enemy_mini pekka_d,knight_ally_enemy_musketeer_d,knight_ally_enemy_spear goblins_d,mini pekka_ally_enemy_archers_d,mini pekka_ally_enemy_giant_d,mini pekka_ally_enemy_minions_d,mini pekka_ally_enemy_goblin cage_d,mini pekka_ally_enemy_goblin gang_d,mini pekka_ally_enemy_goblin hut_d,mini pekka_ally_enemy_goblins_d,mini pekka_ally_enemy_knight_d,mini pekka_ally_enemy_mini pekka_d,mini pekka_ally_enemy_musketeer_d,mini pekka_ally_enemy_spear goblins_d,musketeer_ally_enemy_archers_d,musketeer_ally_enemy_giant_d,musketeer_ally_enemy_minions_d,musketeer_ally_enemy_goblin cage_d,musketeer_ally_enemy_goblin gang_d,musketeer_ally_enemy_goblin hut_d,musketeer_ally_enemy_goblins_d,musketeer_ally_enemy_knight_d,musketeer_ally_enemy_mini pekka_d,musketeer_ally_enemy_musketeer_d,musketeer_ally_enemy_spear goblins_d,spear goblins_ally_enemy_archers_d,spear goblins_ally_enemy_giant_d,spear goblins_ally_enemy_minions_d,spear goblins_ally_enemy_goblin cage_d,spear goblins_ally_enemy_goblin gang_d,spear goblins_ally_enemy_goblin hut_d,spear goblins_ally_enemy_goblins_d,spear goblins_ally_enemy_knight_d,spear goblins_ally_enemy_mini pekka_d,spear goblins_ally_enemy_musketeer_d,spear goblins_ally_enemy_spear goblins_d
8,0,giant,arrows,archers,fireball,7,1,1,1,1,1,1,0,,,0,,,0,,,0,,,0,,,0,,,0,,,0,,,0,,,0,,,0,,,0,,,0,,,0,,,0,,,0,,,0,,,0,,,0,,,0,,,0,,,0,,,10000000,10000000,10000000,10000000,10000000,10000000,10000000,10000000,10000000,10000000,10000000,10000000,10000000,10000000,10000000,10000000,10000000,10000000,10000000,10000000,10000000,10000000,10000000,10000000,10000000,10000000,10000000,10000000,10000000,10000000,10000000,10000000,10000000,10000000,10000000,10000000,10000000,10000000,10000000,10000000,10000000,10000000,10000000,10000000,10000000,10000000,10000000,10000000,10000000,10000000,10000000,10000000,10000000,10000000,10000000,10000000,10000000,10000000,10000000,10000000,10000000,10000000,10000000,10000000,10000000,10000000,10000000,10000000,10000000,10000000,10000000,10000000,10000000,10000000,10000000,10000000,10000000,10000000,10000000,10000000,10000000,10000000,10000000,10000000,10000000,10000000,10000000,10000000,10000000,10000000,10000000,10000000,10000000,10000000,10000000,10000000,10000000,10000000,10000000,10000000,10000000,10000000,10000000,10000000,10000000,10000000,10000000,10000000,10000000,10000000,10000000,10000000,10000000,10000000,10000000,10000000,10000000,10000000,10000000,10000000,10000000
8,1,giant,arrows,archers,fireball,8,1,1,1,1,1,1,0,,,0,,,0,,,0,,,0,,,0,,,0,,,0,,,0,,,0,,,0,,,0,,,0,,,0,,,0,,,0,,,0,,,0,,,0,,,0,,,0,,,0,,,10000000,10000000,10000000,10000000,10000000,10000000,10000000,10000000,10000000,10000000,10000000,10000000,10000000,10000000,10000000,10000000,10000000,10000000,10000000,10000000,10000000,10000000,10000000,10000000,10000000,10000000,10000000,10000000,10000000,10000000,10000000,10000000,10000000,10000000,10000000,10000000,10000000,10000000,10000000,10000000,10000000,10000000,10000000,10000000,10000000,10000000,10000000,10000000,10000000,10000000,10000000,10000000,10000000,10000000,10000000,10000000,10000000,10000000,10000000,10000000,10000000,10000000,10000000,10000000,10000000,10000000,10000000,10000000,10000000,10000000,10000000,10000000,10000000,10000000,10000000,10000000,10000000,10000000,10000000,10000000,10000000,10000000,10000000,10000000,10000000,10000000,10000000,10000000,10000000,10000000,10000000,10000000,10000000,10000000,10000000,10000000,10000000,10000000,10000000,10000000,10000000,10000000,10000000,10000000,10000000,10000000,10000000,10000000,10000000,10000000,10000000,10000000,10000000,10000000,10000000,10000000,10000000,10000000,10000000,10000000,10000000
8,2,,arrows,archers,fireball,4,1,1,1,1,1,1,0,,,0,,,0,,,0,,,0,,,0,,,0,,,0,,,0,,,0,,,0,,,0,,,0,,,0,,,0,,,0,,,0,,,0,,,0,,,0,,,0,,,0,,,10000000,10000000,10000000,10000000,10000000,10000000,10000000,10000000,10000000,10000000,10000000,10000000,10000000,10000000,10000000,10000000,10000000,10000000,10000000,10000000,10000000,10000000,10000000,10000000,10000000,10000000,10000000,10000000,10000000,10000000,10000000,10000000,10000000,10000000,10000000,10000000,10000000,10000000,10000000,10000000,10000000,10000000,10000000,10000000,10000000,10000000,10000000,10000000,10000000,10000000,10000000,10000000,10000000,10000000,10000000,10000000,10000000,10000000,10000000,10000000,10000000,10000000,10000000,10000000,10000000,10000000,10000000,10000000,10000000,10000000,10000000,10000000,10000000,10000000,10000000,10000000,10000000,10000000,10000000,10000000,10000000,10000000,10000000,10000000,10000000,10000000,10000000,10000000,10000000,10000000,10000000,10000000,10000000,10000000,10000000,10000000,10000000,10000000,10000000,10000000,10000000,10000000,10000000,10000000,10000000,10000000,10000000,10000000,10000000,10000000,10000000,10000000,10000000,10000000,10000000,10000000,10000000,10000000,10000000,10000000,10000000
8,3,knight,arrows,archers,fireball,5,1,1,1,1,1,1,0,,,0,,,1,122.0,398.0,0,,,0,,,0,,,0,,,0,,,0,,,0,,,0,,,0,,,0,,,0,,,0,,,0,,,0,,,0,,,0,,,0,,,0,,,0,,,10000000,10000000,10000000,10000000,10000000,10000000,10000000,10000000,10000000,10000000,10000000,10000000,10000000,10000000,10000000,10000000,10000000,10000000,10000000,10000000,10000000,10000000,10000000,10000000,10000000,10000000,10000000,10000000,10000000,10000000,10000000,10000000,10000000,10000000,10000000,10000000,10000000,10000000,10000000,10000000,10000000,10000000,10000000,10000000,10000000,10000000,10000000,10000000,10000000,10000000,10000000,10000000,10000000,10000000,10000000,10000000,10000000,10000000,10000000,10000000,10000000,10000000,10000000,10000000,10000000,10000000,10000000,10000000,10000000,10000000,10000000,10000000,10000000,10000000,10000000,10000000,10000000,10000000,10000000,10000000,10000000,10000000,10000000,10000000,10000000,10000000,10000000,10000000,10000000,10000000,10000000,10000000,10000000,10000000,10000000,10000000,10000000,10000000,10000000,10000000,10000000,10000000,10000000,10000000,10000000,10000000,10000000,10000000,10000000,10000000,10000000,10000000,10000000,10000000,10000000,10000000,10000000,10000000,10000000,10000000,10000000
8,4,knight,arrows,archers,fireball,6,1,1,1,1,1,1,0,,,0,,,1,121.0,345.0,0,,,0,,,0,,,0,,,0,,,0,,,0,,,0,,,0,,,1,109.0,247.0,0,,,0,,,0,,,0,,,0,,,0,,,0,,,0,,,0,,,10000000,10000000,10000000,10000000,10000000,10000000,10000000,10000000,10000000,10000000,10000000,10000000,10000000,10000000,10000000,10000000,10000000,10000000,10000000,10000000,10000000,10000000,10000000,10000000,10000000,10000000,10000000,10000000,10000000,10000000,10000000,10000000,10000000,10000000,10000000,10000000,10000000,10000000,10000000,10000000,10000000,10000000,10000000,10000000,10000000,10000000,10000000,10000000,10000000,10000000,10000000,10000000,10000000,10000000,10000000,10000000,10000000,10000000,10000000,10000000,10000000,10000000,10000000,10000000,10000000,10000000,10000000,10000000,10000000,10000000,10000000,10000000,10000000,10000000,10000000,10000000,10000000,10000000,10000000,10000000,10000000,10000000,10000000,10000000,10000000,10000000,10000000,10000000,10000000,10000000,10000000,10000000,10000000,10000000,10000000,10000000,10000000,10000000,10000000,10000000,10000000,10000000,10000000,10000000,10000000,10000000,10000000,10000000,10000000,10000000,10000000,10000000,10000000,10000000,10000000,10000000,10000000,10000000,10000000,10000000,10000000
8,5,knight,,archers,fireball,4,1,1,1,1,1,1,0,,,0,,,1,141.0,304.0,0,,,0,,,0,,,0,,,0,,,0,,,0,,,0,,,0,,,0,,,0,,,0,,,0,,,0,,,0,,,0,,,0,,,0,,,0,,,10000000,10000000,10000000,10000000,10000000,10000000,10000000,10000000,10000000,10000000,10000000,10000000,10000000,10000000,10000000,10000000,10000000,10000000,10000000,10000000,10000000,10000000,10000000,10000000,10000000,10000000,10000000,10000000,10000000,10000000,10000000,10000000,10000000,10000000,10000000,10000000,10000000,10000000,10000000,10000000,10000000,10000000,10000000,10000000,10000000,10000000,10000000,10000000,10000000,10000000,10000000,10000000,10000000,10000000,10000000,10000000,10000000,10000000,10000000,10000000,10000000,10000000,10000000,10000000,10000000,10000000,10000000,10000000,10000000,10000000,10000000,10000000,10000000,10000000,10000000,10000000,10000000,10000000,10000000,10000000,10000000,10000000,10000000,10000000,10000000,10000000,10000000,10000000,10000000,10000000,10000000,10000000,10000000,10000000,10000000,10000000,10000000,10000000,10000000,10000000,10000000,10000000,10000000,10000000,10000000,10000000,10000000,10000000,10000000,10000000,10000000,10000000,10000000,10000000,10000000,10000000,10000000,10000000,10000000,10000000,10000000
8,6,knight,musketeer,archers,fireball,5,1,1,1,0,1,1,0,,,0,,,1,133.0,257.0,0,,,0,,,0,,,0,,,0,,,0,,,0,,,0,,,0,,,0,,,0,,,0,,,0,,,0,,,0,,,0,,,0,,,0,,,0,,,10000000,10000000,10000000,10000000,10000000,10000000,10000000,10000000,10000000,10000000,10000000,10000000,10000000,10000000,10000000,10000000,10000000,10000000,10000000,10000000,10000000,10000000,10000000,10000000,10000000,10000000,10000000,10000000,10000000,10000000,10000000,10000000,10000000,10000000,10000000,10000000,10000000,10000000,10000000,10000000,10000000,10000000,10000000,10000000,10000000,10000000,10000000,10000000,10000000,10000000,10000000,10000000,10000000,10000000,10000000,10000000,10000000,10000000,10000000,10000000,10000000,10000000,10000000,10000000,10000000,10000000,10000000,10000000,10000000,10000000,10000000,10000000,10000000,10000000,10000000,10000000,10000000,10000000,10000000,10000000,10000000,10000000,10000000,10000000,10000000,10000000,10000000,10000000,10000000,10000000,10000000,10000000,10000000,10000000,10000000,10000000,10000000,10000000,10000000,10000000,10000000,10000000,10000000,10000000,10000000,10000000,10000000,10000000,10000000,10000000,10000000,10000000,10000000,10000000,10000000,10000000,10000000,10000000,10000000,10000000,10000000
8,7,knight,musketeer,archers,fireball,6,1,1,1,1,1,1,0,,,0,,,1,140.0,237.0,0,,,0,,,0,,,0,,,0,,,0,,,0,,,0,,,0,,,0,,,0,,,0,,,0,,,0,,,0,,,0,,,0,,,0,,,0,,,10000000,10000000,10000000,10000000,10000000,10000000,10000000,10000000,10000000,10000000,10000000,10000000,10000000,10000000,10000000,10000000,10000000,10000000,10000000,10000000,10000000,10000000,10000000,10000000,10000000,10000000,10000000,10000000,10000000,10000000,10000000,10000000,10000000,10000000,10000000,10000000,10000000,10000000,10000000,10000000,10000000,10000000,10000000,10000000,10000000,10000000,10000000,10000000,10000000,10000000,10000000,10000000,10000000,10000000,10000000,10000000,10000000,10000000,10000000,10000000,10000000,10000000,10000000,10000000,10000000,10000000,10000000,10000000,10000000,10000000,10000000,10000000,10000000,10000000,10000000,10000000,10000000,10000000,10000000,10000000,10000000,10000000,10000000,10000000,10000000,10000000,10000000,10000000,10000000,10000000,10000000,10000000,10000000,10000000,10000000,10000000,10000000,10000000,10000000,10000000,10000000,10000000,10000000,10000000,10000000,10000000,10000000,10000000,10000000,10000000,10000000,10000000,10000000,10000000,10000000,10000000,10000000,10000000,10000000,10000000,10000000
8,8,knight,musketeer,archers,fireball,6,1,1,1,1,1,1,0,,,0,,,1,135.0,239.0,0,,,0,,,0,,,0,,,0,,,0,,,0,,,0,,,0,,,0,,,0,,,0,,,0,,,0,,,0,,,0,,,0,,,0,,,0,,,10000000,10000000,10000000,10000000,10000000,10000000,10000000,10000000,10000000,10000000,10000000,10000000,10000000,10000000,10000000,10000000,10000000,10000000,10000000,10000000,10000000,10000000,10000000,10000000,10000000,10000000,10000000,10000000,10000000,10000000,10000000,10000000,10000000,10000000,10000000,10000000,10000000,10000000,10000000,10000000,10000000,10000000,10000000,10000000,10000000,10000000,10000000,10000000,10000000,10000000,10000000,10000000,10000000,10000000,10000000,10000000,10000000,10000000,10000000,10000000,10000000,10000000,10000000,10000000,10000000,10000000,10000000,10000000,10000000,10000000,10000000,10000000,10000000,10000000,10000000,10000000,10000000,10000000,10000000,10000000,10000000,10000000,10000000,10000000,10000000,10000000,10000000,10000000,10000000,10000000,10000000,10000000,10000000,10000000,10000000,10000000,10000000,10000000,10000000,10000000,10000000,10000000,10000000,10000000,10000000,10000000,10000000,10000000,10000000,10000000,10000000,10000000,10000000,10000000,10000000,10000000,10000000,10000000,10000000,10000000,10000000
8,9,knight,musketeer,,fireball,4,1,1,1,1,1,1,0,,,0,,,1,130.0,238.0,0,,,0,,,0,,,0,,,0,,,0,,,0,,,0,,,0,,,0,,,0,,,0,,,0,,,0,,,0,,,0,,,0,,,0,,,0,,,10000000,10000000,10000000,10000000,10000000,10000000,10000000,10000000,10000000,10000000,10000000,10000000,10000000,10000000,10000000,10000000,10000000,10000000,10000000,10000000,10000000,10000000,10000000,10000000,10000000,10000000,10000000,10000000,10000000,10000000,10000000,10000000,10000000,10000000,10000000,10000000,10000000,10000000,10000000,10000000,10000000,10000000,10000000,10000000,10000000,10000000,10000000,10000000,10000000,10000000,10000000,10000000,10000000,10000000,10000000,10000000,10000000,10000000,10000000,10000000,10000000,10000000,10000000,10000000,10000000,10000000,10000000,10000000,10000000,10000000,10000000,10000000,10000000,10000000,10000000,10000000,10000000,10000000,10000000,10000000,10000000,10000000,10000000,10000000,10000000,10000000,10000000,10000000,10000000,10000000,10000000,10000000,10000000,10000000,10000000,10000000,10000000,10000000,10000000,10000000,10000000,10000000,10000000,10000000,10000000,10000000,10000000,10000000,10000000,10000000,10000000,10000000,10000000,10000000,10000000,10000000,10000000,10000000,10000000,10000000,10000000
8,10,knight,musketeer,minions,fireball,5,1,1,1,1,1,1,1,118.0,410.0,0,,,1,143.0,237.0,0,,,0,,,0,,,0,,,0,,,0,,,0,,,0,,,0,,,0,,,0,,,0,,,0,,,0,,,0,,,0,,,0,,,0,,,0,,,10000000,10000000,10000000,10000000,10000000,10000000,10000000,10000000,10000000,10000000,10000000,10000000,10000000,10000000,10000000,10000000,10000000,10000000,10000000,10000000,10000000,10000000,10000000,10000000,10000000,10000000,10000000,10000000,10000000,10000000,10000000,10000000,10000000,10000000,10000000,10000000,10000000,10000000,10000000,10000000,10000000,10000000,10000000,10000000,10000000,10000000,10000000,10000000,10000000,10000000,10000000,10000000,10000000,10000000,10000000,10000000,10000000,10000000,10000000,10000000,10000000,10000000,10000000,10000000,10000000,10000000,10000000,10000000,10000000,10000000,10000000,10000000,10000000,10000000,10000000,10000000,10000000,10000000,10000000,10000000,10000000,10000000,10000000,10000000,10000000,10000000,10000000,10000000,10000000,10000000,10000000,10000000,10000000,10000000,10000000,10000000,10000000,10000000,10000000,10000000,10000000,10000000,10000000,10000000,10000000,10000000,10000000,10000000,10000000,10000000,10000000,10000000,10000000,10000000,10000000,10000000,10000000,10000000,10000000,10000000,10000000
8,11,knight,musketeer,minions,fireball,6,1,1,1,1,1,1,1,120.0,349.0,0,,,1,135.0,238.0,0,,,0,,,0,,,0,,,0,,,0,,,0,,,0,,,0,,,0,,,0,,,0,,,0,,,0,,,0,,,0,,,0,,,0,,,0,,,10000000,10000000,10000000,10000000,10000000,10000000,10000000,10000000,10000000,10000000,10000000,10000000,10000000,10000000,10000000,10000000,10000000,10000000,10000000,10000000,10000000,10000000,10000000,10000000,10000000,10000000,10000000,10000000,10000000,10000000,10000000,10000000,10000000,10000000,10000000,10000000,10000000,10000000,10000000,10000000,10000000,10000000,10000000,10000000,10000000,10000000,10000000,10000000,10000000,10000000,10000000,10000000,10000000,10000000,10000000,10000000,10000000,10000000,10000000,10000000,10000000,10000000,10000000,10000000,10000000,10000000,10000000,10000000,10000000,10000000,10000000,10000000,10000000,10000000,10000000,10000000,10000000,10000000,10000000,10000000,10000000,10000000,10000000,10000000,10000000,10000000,10000000,10000000,10000000,10000000,10000000,10000000,10000000,10000000,10000000,10000000,10000000,10000000,10000000,10000000,10000000,10000000,10000000,10000000,10000000,10000000,10000000,10000000,10000000,10000000,10000000,10000000,10000000,10000000,10000000,10000000,10000000,10000000,10000000,10000000,10000000
8,12,knight,musketeer,minions,fireball,7,1,1,1,1,1,1,1,147.0,330.0,0,,,0,,,0,,,0,,,0,,,0,,,0,,,0,,,0,,,0,,,0,,,0,,,0,,,0,,,0,,,0,,,0,,,0,,,0,,,0,,,0,,,10000000,10000000,10000000,10000000,10000000,10000000,10000000,10000000,10000000,10000000,10000000,10000000,10000000,10000000,10000000,10000000,10000000,10000000,10000000,10000000,10000000,10000000,10000000,10000000,10000000,10000000,10000000,10000000,10000000,10000000,10000000,10000000,10000000,10000000,10000000,10000000,10000000,10000000,10000000,10000000,10000000,10000000,10000000,10000000,10000000,10000000,10000000,10000000,10000000,10000000,10000000,10000000,10000000,10000000,10000000,10000000,10000000,10000000,10000000,10000000,10000000,10000000,10000000,10000000,10000000,10000000,10000000,10000000,10000000,10000000,10000000,10000000,10000000,10000000,10000000,10000000,10000000,10000000,10000000,10000000,10000000,10000000,10000000,10000000,10000000,10000000,10000000,10000000,10000000,10000000,10000000,10000000,10000000,10000000,10000000,10000000,10000000,10000000,10000000,10000000,10000000,10000000,10000000,10000000,10000000,10000000,10000000,10000000,10000000,10000000,10000000,10000000,10000000,10000000,10000000,10000000,10000000,10000000,10000000,10000000,10000000
8,13,knight,musketeer,minions,fireball,8,1,1,1,1,1,1,1,147.0,330.0,0,,,0,,,0,,,0,,,0,,,0,,,0,,,0,,,0,,,0,,,0,,,0,,,0,,,0,,,0,,,0,,,0,,,0,,,0,,,0,,,0,,,10000000,10000000,10000000,10000000,10000000,10000000,10000000,10000000,10000000,10000000,10000000,10000000,10000000,10000000,10000000,10000000,10000000,10000000,10000000,10000000,10000000,10000000,10000000,10000000,10000000,10000000,10000000,10000000,10000000,10000000,10000000,10000000,10000000,10000000,10000000,10000000,10000000,10000000,10000000,10000000,10000000,10000000,10000000,10000000,10000000,10000000,10000000,10000000,10000000,10000000,10000000,10000000,10000000,10000000,10000000,10000000,10000000,10000000,10000000,10000000,10000000,10000000,10000000,10000000,10000000,10000000,10000000,10000000,10000000,10000000,10000000,10000000,10000000,10000000,10000000,10000000,10000000,10000000,10000000,10000000,10000000,10000000,10000000,10000000,10000000,10000000,10000000,10000000,10000000,10000000,10000000,10000000,10000000,10000000,10000000,10000000,10000000,10000000,10000000,10000000,10000000,10000000,10000000,10000000,10000000,10000000,10000000,10000000,10000000,10000000,10000000,10000000,10000000,10000000,10000000,10000000,10000000,10000000,10000000,10000000,10000000
8,14,knight,musketeer,minions,fireball,9,1,1,1,1,1,1,1,148.0,296.0,0,,,0,,,1,128.0,350.0,0,,,0,,,0,,,0,,,0,,,0,,,0,,,0,,,0,,,0,,,0,,,0,,,0,,,0,,,0,,,0,,,0,,,0,,,10000000,57,10000000,10000000,10000000,10000000,10000000,10000000,10000000,10000000,10000000,10000000,10000000,10000000,10000000,10000000,10000000,10000000,10000000,10000000,10000000,10000000,10000000,10000000,10000000,10000000,10000000,10000000,10000000,10000000,10000000,10000000,10000000,10000000,10000000,10000000,10000000,10000000,10000000,10000000,10000000,10000000,10000000,10000000,10000000,10000000,10000000,10000000,10000000,10000000,10000000,10000000,10000000,10000000,10000000,10000000,10000000,10000000,10000000,10000000,10000000,10000000,10000000,10000000,10000000,10000000,10000000,10000000,10000000,10000000,10000000,10000000,10000000,10000000,10000000,10000000,10000000,10000000,10000000,10000000,10000000,10000000,10000000,10000000,10000000,10000000,10000000,10000000,10000000,10000000,10000000,10000000,10000000,10000000,10000000,10000000,10000000,10000000,10000000,10000000,10000000,10000000,10000000,10000000,10000000,10000000,10000000,10000000,10000000,10000000,10000000,10000000,10000000,10000000,10000000,10000000,10000000,10000000,10000000,10000000,10000000
8,15,knight,musketeer,mini pekka,fireball,7,1,1,1,1,0,1,0,,,0,,,0,,,1,126.0,392.0,0,,,0,,,0,,,0,,,0,,,0,,,0,,,0,,,0,,,0,,,0,,,0,,,0,,,0,,,0,,,0,,,0,,,0,,,10000000,10000000,10000000,10000000,10000000,10000000,10000000,10000000,10000000,10000000,10000000,10000000,10000000,10000000,10000000,10000000,10000000,10000000,10000000,10000000,10000000,10000000,10000000,10000000,10000000,10000000,10000000,10000000,10000000,10000000,10000000,10000000,10000000,10000000,10000000,10000000,10000000,10000000,10000000,10000000,10000000,10000000,10000000,10000000,10000000,10000000,10000000,10000000,10000000,10000000,10000000,10000000,10000000,10000000,10000000,10000000,10000000,10000000,10000000,10000000,10000000,10000000,10000000,10000000,10000000,10000000,10000000,10000000,10000000,10000000,10000000,10000000,10000000,10000000,10000000,10000000,10000000,10000000,10000000,10000000,10000000,10000000,10000000,10000000,10000000,10000000,10000000,10000000,10000000,10000000,10000000,10000000,10000000,10000000,10000000,10000000,10000000,10000000,10000000,10000000,10000000,10000000,10000000,10000000,10000000,10000000,10000000,10000000,10000000,10000000,10000000,10000000,10000000,10000000,10000000,10000000,10000000,10000000,10000000,10000000,10000000
8,16,knight,musketeer,,fireball,4,1,1,1,1,0,1,0,,,0,,,0,,,0,,,0,,,0,,,0,,,0,,,0,,,0,,,0,,,0,,,0,,,0,,,0,,,1,125.0,345.0,0,,,1,112.0,412.0,0,,,0,,,0,,,0,,,10000000,10000000,10000000,10000000,10000000,10000000,10000000,10000000,10000000,10000000,10000000,10000000,10000000,10000000,10000000,10000000,10000000,10000000,10000000,10000000,10000000,10000000,10000000,10000000,10000000,10000000,10000000,10000000,10000000,10000000,10000000,10000000,10000000,10000000,10000000,10000000,10000000,10000000,10000000,10000000,10000000,10000000,10000000,10000000,10000000,10000000,10000000,10000000,10000000,10000000,10000000,10000000,10000000,10000000,10000000,10000000,10000000,10000000,10000000,10000000,10000000,10000000,10000000,10000000,10000000,10000000,10000000,10000000,10000000,10000000,10000000,10000000,10000000,10000000,10000000,10000000,10000000,10000000,10000000,10000000,10000000,10000000,10000000,10000000,10000000,10000000,10000000,10000000,10000000,10000000,10000000,10000000,10000000,10000000,10000000,10000000,10000000,10000000,10000000,10000000,10000000,10000000,10000000,10000000,10000000,10000000,10000000,10000000,10000000,10000000,10000000,10000000,10000000,10000000,10000000,10000000,10000000,10000000,10000000,10000000,10000000
8,17,knight,musketeer,giant,fireball,4,1,1,1,1,0,1,0,,,0,,,0,,,1,120.0,482.0,0,,,0,,,0,,,0,,,0,,,0,,,0,,,0,,,0,,,0,,,0,,,1,139.0,365.0,0,,,0,,,0,,,0,,,0,,,0,,,10000000,10000000,10000000,10000000,10000000,10000000,10000000,10000000,10000000,10000000,10000000,10000000,10000000,10000000,10000000,10000000,10000000,10000000,10000000,10000000,10000000,10000000,10000000,10000000,10000000,10000000,10000000,10000000,10000000,10000000,10000000,10000000,10000000,10000000,10000000,10000000,10000000,10000000,10000000,10000000,10000000,10000000,10000000,10000000,10000000,10000000,10000000,10000000,10000000,10000000,10000000,10000000,10000000,10000000,10000000,10000000,10000000,10000000,10000000,10000000,10000000,10000000,10000000,10000000,10000000,10000000,10000000,10000000,10000000,10000000,10000000,10000000,10000000,10000000,10000000,10000000,10000000,10000000,10000000,10000000,10000000,10000000,10000000,10000000,10000000,10000000,10000000,10000000,10000000,10000000,10000000,10000000,10000000,10000000,10000000,10000000,10000000,10000000,10000000,10000000,10000000,10000000,10000000,10000000,10000000,10000000,10000000,10000000,10000000,10000000,10000000,10000000,10000000,10000000,10000000,10000000,10000000,10000000,10000000,10000000,10000000
8,18,knight,musketeer,giant,fireball,5,1,1,1,1,0,1,0,,,0,,,0,,,0,,,0,,,0,,,0,,,0,,,0,,,0,,,0,,,0,,,0,,,0,,,0,,,0,,,1,94.0,460.0,1,114.0,411.0,0,,,0,,,0,,,0,,,10000000,10000000,10000000,10000000,10000000,10000000,10000000,10000000,10000000,10000000,10000000,10000000,10000000,10000000,10000000,10000000,10000000,10000000,10000000,10000000,10000000,10000000,10000000,10000000,10000000,10000000,10000000,10000000,10000000,10000000,10000000,10000000,10000000,10000000,10000000,10000000,10000000,10000000,10000000,10000000,10000000,10000000,10000000,10000000,10000000,10000000,10000000,10000000,10000000,10000000,10000000,10000000,10000000,10000000,10000000,10000000,10000000,10000000,10000000,10000000,10000000,10000000,10000000,10000000,10000000,10000000,10000000,10000000,10000000,10000000,10000000,10000000,10000000,10000000,10000000,10000000,10000000,10000000,10000000,10000000,10000000,10000000,10000000,10000000,10000000,10000000,10000000,10000000,10000000,10000000,10000000,10000000,10000000,10000000,10000000,10000000,53,10000000,10000000,10000000,10000000,10000000,10000000,10000000,10000000,10000000,10000000,10000000,10000000,10000000,10000000,10000000,10000000,10000000,10000000,10000000,10000000,10000000,10000000,10000000,10000000
8,19,knight,musketeer,giant,fireball,6,1,1,1,1,0,1,0,,,0,,,0,,,0,,,0,,,0,,,0,,,0,,,0,,,0,,,0,,,0,,,0,,,0,,,0,,,0,,,1,109.0,408.0,0,,,0,,,0,,,0,,,0,,,10000000,10000000,10000000,10000000,10000000,10000000,10000000,10000000,10000000,10000000,10000000,10000000,10000000,10000000,10000000,10000000,10000000,10000000,10000000,10000000,10000000,10000000,10000000,10000000,10000000,10000000,10000000,10000000,10000000,10000000,10000000,10000000,10000000,10000000,10000000,10000000,10000000,10000000,10000000,10000000,10000000,10000000,10000000,10000000,10000000,10000000,10000000,10000000,10000000,10000000,10000000,10000000,10000000,10000000,10000000,10000000,10000000,10000000,10000000,10000000,10000000,10000000,10000000,10000000,10000000,10000000,10000000,10000000,10000000,10000000,10000000,10000000,10000000,10000000,10000000,10000000,10000000,10000000,10000000,10000000,10000000,10000000,10000000,10000000,10000000,10000000,10000000,10000000,10000000,10000000,10000000,10000000,10000000,10000000,10000000,10000000,10000000,10000000,10000000,10000000,10000000,10000000,10000000,10000000,10000000,10000000,10000000,10000000,10000000,10000000,10000000,10000000,10000000,10000000,10000000,10000000,10000000,10000000,10000000,10000000,10000000
8,20,knight,musketeer,,fireball,2,1,1,1,1,0,1,0,,,0,,,0,,,0,,,0,,,0,,,0,,,0,,,0,,,0,,,1,130.0,333.0,0,,,0,,,0,,,0,,,0,,,0,,,0,,,0,,,0,,,0,,,0,,,10000000,10000000,10000000,10000000,10000000,10000000,10000000,10000000,10000000,10000000,10000000,10000000,10000000,10000000,10000000,10000000,10000000,10000000,10000000,10000000,10000000,10000000,10000000,10000000,10000000,10000000,10000000,10000000,10000000,10000000,10000000,10000000,10000000,10000000,10000000,10000000,10000000,10000000,10000000,10000000,10000000,10000000,10000000,10000000,10000000,10000000,10000000,10000000,10000000,10000000,10000000,10000000,10000000,10000000,10000000,10000000,10000000,10000000,10000000,10000000,10000000,10000000,10000000,10000000,10000000,10000000,10000000,10000000,10000000,10000000,10000000,10000000,10000000,10000000,10000000,10000000,10000000,10000000,10000000,10000000,10000000,10000000,10000000,10000000,10000000,10000000,10000000,10000000,10000000,10000000,10000000,10000000,10000000,10000000,10000000,10000000,10000000,10000000,10000000,10000000,10000000,10000000,10000000,10000000,10000000,10000000,10000000,10000000,10000000,10000000,10000000,10000000,10000000,10000000,10000000,10000000,10000000,10000000,10000000,10000000,10000000
8,21,knight,musketeer,arrows,fireball,3,1,1,1,1,0,1,0,,,0,,,1,411.0,398.0,0,,,0,,,0,,,0,,,0,,,0,,,0,,,0,,,0,,,0,,,0,,,0,,,0,,,1,168.0,349.0,1,126.0,332.0,0,,,0,,,0,,,0,,,10000000,10000000,10000000,10000000,10000000,10000000,10000000,10000000,10000000,10000000,10000000,10000000,10000000,10000000,10000000,10000000,10000000,10000000,10000000,292,10000000,10000000,10000000,10000000,10000000,10000000,10000000,10000000,10000000,10000000,10000000,10000000,10000000,10000000,10000000,10000000,10000000,10000000,10000000,10000000,10000000,10000000,10000000,10000000,10000000,10000000,10000000,10000000,10000000,10000000,10000000,10000000,10000000,10000000,10000000,10000000,10000000,10000000,10000000,10000000,10000000,10000000,10000000,10000000,10000000,10000000,10000000,10000000,10000000,10000000,10000000,10000000,10000000,10000000,10000000,10000000,10000000,10000000,10000000,10000000,10000000,10000000,10000000,10000000,10000000,10000000,10000000,10000000,10000000,10000000,10000000,10000000,10000000,10000000,10000000,10000000,44,10000000,10000000,10000000,10000000,10000000,10000000,10000000,10000000,10000000,10000000,10000000,10000000,10000000,10000000,10000000,10000000,10000000,10000000,10000000,10000000,10000000,10000000,10000000,10000000
8,22,knight,musketeer,arrows,fireball,4,1,1,1,0,1,1,0,,,0,,,1,415.0,347.0,0,,,0,,,0,,,0,,,0,,,0,,,0,,,0,,,0,,,0,,,0,,,0,,,0,,,1,152.0,293.0,0,,,0,,,0,,,0,,,0,,,10000000,10000000,10000000,10000000,10000000,10000000,10000000,10000000,10000000,10000000,10000000,10000000,10000000,10000000,10000000,10000000,10000000,10000000,10000000,10000000,10000000,10000000,10000000,10000000,10000000,10000000,10000000,10000000,10000000,10000000,10000000,10000000,10000000,10000000,10000000,10000000,10000000,10000000,10000000,10000000,10000000,10000000,10000000,10000000,10000000,10000000,10000000,10000000,10000000,10000000,10000000,10000000,10000000,10000000,10000000,10000000,10000000,10000000,10000000,10000000,10000000,10000000,10000000,10000000,10000000,10000000,10000000,10000000,10000000,10000000,10000000,10000000,10000000,10000000,10000000,10000000,10000000,10000000,10000000,10000000,10000000,10000000,10000000,10000000,10000000,10000000,10000000,10000000,10000000,10000000,10000000,10000000,10000000,10000000,10000000,10000000,10000000,10000000,10000000,10000000,10000000,10000000,10000000,10000000,10000000,10000000,10000000,10000000,10000000,10000000,10000000,10000000,10000000,10000000,10000000,10000000,10000000,10000000,10000000,10000000,10000000
8,23,knight,archers,arrows,fireball,1,1,1,1,0,1,1,0,,,0,,,1,420.0,301.0,0,,,0,,,0,,,0,,,0,,,0,,,0,,,0,,,0,,,0,,,0,,,0,,,0,,,1,156.0,202.0,0,,,1,414.0,408.0,0,,,0,,,0,,,10000000,10000000,10000000,10000000,10000000,10000000,10000000,10000000,10000000,10000000,10000000,10000000,10000000,10000000,10000000,10000000,10000000,10000000,10000000,10000000,10000000,10000000,10000000,10000000,10000000,10000000,10000000,10000000,10000000,10000000,10000000,10000000,10000000,10000000,10000000,10000000,10000000,10000000,10000000,10000000,10000000,10000000,10000000,10000000,10000000,10000000,10000000,10000000,10000000,10000000,10000000,10000000,10000000,10000000,10000000,10000000,10000000,10000000,10000000,10000000,10000000,10000000,10000000,10000000,10000000,10000000,10000000,10000000,10000000,10000000,10000000,10000000,10000000,10000000,10000000,10000000,10000000,10000000,10000000,10000000,10000000,10000000,10000000,10000000,10000000,10000000,10000000,10000000,10000000,10000000,10000000,10000000,10000000,10000000,10000000,10000000,10000000,10000000,10000000,10000000,10000000,10000000,10000000,10000000,10000000,10000000,10000000,10000000,10000000,10000000,10000000,10000000,10000000,10000000,10000000,10000000,10000000,10000000,10000000,10000000,10000000
8,24,knight,archers,arrows,fireball,2,1,1,1,1,1,1,0,,,0,,,1,426.0,256.0,0,,,0,,,0,,,0,,,0,,,0,,,0,,,0,,,0,,,0,,,0,,,0,,,0,,,1,204.0,143.0,0,,,1,415.0,406.0,0,,,0,,,0,,,10000000,10000000,10000000,10000000,10000000,10000000,10000000,10000000,10000000,10000000,10000000,10000000,10000000,10000000,10000000,10000000,10000000,10000000,10000000,10000000,10000000,10000000,10000000,10000000,10000000,10000000,10000000,10000000,10000000,10000000,10000000,10000000,10000000,10000000,10000000,10000000,10000000,10000000,10000000,10000000,10000000,10000000,10000000,10000000,10000000,10000000,10000000,10000000,10000000,10000000,10000000,10000000,10000000,10000000,10000000,10000000,10000000,10000000,10000000,10000000,10000000,10000000,10000000,10000000,10000000,10000000,10000000,10000000,10000000,10000000,10000000,10000000,10000000,10000000,10000000,10000000,10000000,10000000,10000000,10000000,10000000,10000000,10000000,10000000,10000000,10000000,10000000,10000000,10000000,10000000,10000000,10000000,10000000,10000000,10000000,10000000,10000000,10000000,10000000,10000000,10000000,10000000,10000000,10000000,10000000,10000000,10000000,10000000,10000000,10000000,10000000,10000000,10000000,10000000,10000000,10000000,10000000,10000000,10000000,10000000,10000000
8,25,knight,archers,arrows,fireball,2,1,1,1,1,0,1,0,,,0,,,1,434.0,237.0,0,,,0,,,0,,,0,,,0,,,0,,,0,,,0,,,0,,,0,,,0,,,0,,,0,,,1,210.0,144.0,0,,,1,417.0,356.0,0,,,0,,,0,,,10000000,10000000,10000000,10000000,10000000,10000000,10000000,10000000,10000000,10000000,10000000,10000000,10000000,10000000,10000000,10000000,10000000,10000000,10000000,10000000,10000000,10000000,10000000,10000000,10000000,10000000,10000000,10000000,10000000,10000000,10000000,10000000,10000000,10000000,10000000,10000000,10000000,10000000,10000000,10000000,10000000,10000000,10000000,10000000,10000000,10000000,10000000,10000000,10000000,10000000,10000000,10000000,10000000,10000000,10000000,10000000,10000000,10000000,10000000,10000000,10000000,10000000,10000000,10000000,10000000,10000000,10000000,10000000,10000000,10000000,10000000,10000000,10000000,10000000,10000000,10000000,10000000,10000000,10000000,10000000,10000000,10000000,10000000,10000000,10000000,10000000,10000000,10000000,10000000,10000000,10000000,10000000,10000000,10000000,10000000,10000000,10000000,10000000,10000000,10000000,10000000,10000000,10000000,10000000,10000000,10000000,10000000,10000000,10000000,10000000,10000000,10000000,10000000,10000000,10000000,10000000,10000000,10000000,10000000,10000000,10000000
8,26,knight,archers,arrows,fireball,3,1,1,1,1,0,1,0,,,0,,,1,430.0,238.0,0,,,0,,,0,,,0,,,0,,,0,,,0,,,0,,,0,,,0,,,0,,,0,,,0,,,1,217.0,142.0,0,,,1,419.0,338.0,0,,,0,,,0,,,10000000,10000000,10000000,10000000,10000000,10000000,10000000,10000000,10000000,10000000,10000000,10000000,10000000,10000000,10000000,10000000,10000000,10000000,10000000,10000000,10000000,10000000,10000000,10000000,10000000,10000000,10000000,10000000,10000000,10000000,10000000,10000000,10000000,10000000,10000000,10000000,10000000,10000000,10000000,10000000,10000000,10000000,10000000,10000000,10000000,10000000,10000000,10000000,10000000,10000000,10000000,10000000,10000000,10000000,10000000,10000000,10000000,10000000,10000000,10000000,10000000,10000000,10000000,10000000,10000000,10000000,10000000,10000000,10000000,10000000,10000000,10000000,10000000,10000000,10000000,10000000,10000000,10000000,10000000,10000000,10000000,10000000,10000000,10000000,10000000,10000000,10000000,10000000,10000000,10000000,10000000,10000000,10000000,10000000,10000000,10000000,10000000,10000000,10000000,10000000,10000000,10000000,10000000,10000000,10000000,10000000,10000000,10000000,10000000,10000000,10000000,10000000,10000000,10000000,10000000,10000000,10000000,10000000,10000000,10000000,10000000
8,27,knight,archers,arrows,fireball,4,1,1,1,0,1,1,0,,,0,,,1,425.0,239.0,0,,,0,,,0,,,0,,,0,,,0,,,0,,,0,,,0,,,0,,,0,,,0,,,0,,,0,,,0,,,1,419.0,339.0,0,,,0,,,0,,,10000000,10000000,10000000,10000000,10000000,10000000,10000000,10000000,10000000,10000000,10000000,10000000,10000000,10000000,10000000,10000000,10000000,10000000,10000000,10000000,10000000,10000000,10000000,10000000,10000000,10000000,10000000,10000000,10000000,10000000,10000000,10000000,10000000,10000000,10000000,10000000,10000000,10000000,10000000,10000000,10000000,10000000,10000000,10000000,10000000,10000000,10000000,10000000,10000000,10000000,10000000,10000000,10000000,10000000,10000000,10000000,10000000,10000000,10000000,10000000,10000000,10000000,10000000,10000000,10000000,10000000,10000000,10000000,10000000,10000000,10000000,10000000,10000000,10000000,10000000,10000000,10000000,10000000,10000000,10000000,10000000,10000000,10000000,10000000,10000000,10000000,10000000,10000000,10000000,10000000,10000000,10000000,10000000,10000000,10000000,10000000,10000000,10000000,10000000,10000000,10000000,10000000,10000000,10000000,10000000,10000000,10000000,10000000,10000000,10000000,10000000,10000000,10000000,10000000,10000000,10000000,10000000,10000000,10000000,10000000,10000000
8,28,knight,archers,arrows,,1,1,1,1,0,1,1,0,,,0,,,1,436.0,240.0,0,,,0,,,0,,,0,,,0,,,0,,,0,,,0,,,0,,,0,,,0,,,0,,,0,,,0,,,0,,,1,418.0,338.0,0,,,0,,,0,,,10000000,10000000,10000000,10000000,10000000,10000000,10000000,10000000,10000000,10000000,10000000,10000000,10000000,10000000,10000000,10000000,10000000,10000000,10000000,10000000,10000000,10000000,10000000,10000000,10000000,10000000,10000000,10000000,10000000,10000000,10000000,10000000,10000000,10000000,10000000,10000000,10000000,10000000,10000000,10000000,10000000,10000000,10000000,10000000,10000000,10000000,10000000,10000000,10000000,10000000,10000000,10000000,10000000,10000000,10000000,10000000,10000000,10000000,10000000,10000000,10000000,10000000,10000000,10000000,10000000,10000000,10000000,10000000,10000000,10000000,10000000,10000000,10000000,10000000,10000000,10000000,10000000,10000000,10000000,10000000,10000000,10000000,10000000,10000000,10000000,10000000,10000000,10000000,10000000,10000000,10000000,10000000,10000000,10000000,10000000,10000000,10000000,10000000,10000000,10000000,10000000,10000000,10000000,10000000,10000000,10000000,10000000,10000000,10000000,10000000,10000000,10000000,10000000,10000000,10000000,10000000,10000000,10000000,10000000,10000000,10000000
8,29,knight,archers,arrows,minions,2,1,1,1,0,0,1,0,,,0,,,1,408.0,211.0,0,,,0,,,0,,,0,,,0,,,0,,,0,,,0,,,0,,,0,,,0,,,0,,,0,,,0,,,0,,,1,419.0,282.0,0,,,0,,,0,,,10000000,10000000,10000000,10000000,10000000,10000000,10000000,10000000,10000000,10000000,10000000,10000000,10000000,10000000,10000000,10000000,10000000,10000000,10000000,10000000,10000000,10000000,10000000,10000000,10000000,10000000,10000000,10000000,10000000,10000000,10000000,10000000,10000000,10000000,10000000,10000000,10000000,10000000,10000000,10000000,10000000,10000000,10000000,10000000,10000000,10000000,10000000,10000000,10000000,10000000,10000000,10000000,10000000,10000000,10000000,10000000,10000000,10000000,10000000,10000000,10000000,10000000,10000000,10000000,10000000,10000000,10000000,10000000,10000000,10000000,10000000,10000000,10000000,10000000,10000000,10000000,10000000,10000000,10000000,10000000,10000000,10000000,10000000,10000000,10000000,10000000,10000000,10000000,10000000,10000000,10000000,10000000,10000000,10000000,10000000,10000000,10000000,10000000,10000000,10000000,10000000,10000000,10000000,10000000,10000000,10000000,10000000,10000000,10000000,10000000,10000000,10000000,10000000,10000000,10000000,10000000,10000000,10000000,10000000,10000000,10000000
8,30,knight,archers,arrows,minions,3,1,1,1,0,0,1,0,,,0,,,1,363.0,183.0,0,,,0,,,0,,,0,,,0,,,0,,,0,,,0,,,0,,,0,,,0,,,0,,,0,,,0,,,0,,,1,391.0,239.0,0,,,0,,,0,,,10000000,10000000,10000000,10000000,10000000,10000000,10000000,10000000,10000000,10000000,10000000,10000000,10000000,10000000,10000000,10000000,10000000,10000000,10000000,10000000,10000000,10000000,10000000,10000000,10000000,10000000,10000000,10000000,10000000,10000000,10000000,10000000,10000000,10000000,10000000,10000000,10000000,10000000,10000000,10000000,10000000,10000000,10000000,10000000,10000000,10000000,10000000,10000000,10000000,10000000,10000000,10000000,10000000,10000000,10000000,10000000,10000000,10000000,10000000,10000000,10000000,10000000,10000000,10000000,10000000,10000000,10000000,10000000,10000000,10000000,10000000,10000000,10000000,10000000,10000000,10000000,10000000,10000000,10000000,10000000,10000000,10000000,10000000,10000000,10000000,10000000,10000000,10000000,10000000,10000000,10000000,10000000,10000000,10000000,10000000,10000000,10000000,10000000,10000000,10000000,10000000,10000000,10000000,10000000,10000000,10000000,10000000,10000000,10000000,10000000,10000000,10000000,10000000,10000000,10000000,10000000,10000000,10000000,10000000,10000000,10000000
8,31,knight,archers,arrows,minions,4,1,1,1,0,0,1,0,,,0,,,0,,,0,,,0,,,0,,,0,,,0,,,0,,,0,,,0,,,0,,,0,,,0,,,0,,,0,,,0,,,0,,,1,395.0,243.0,0,,,0,,,0,,,10000000,10000000,10000000,10000000,10000000,10000000,10000000,10000000,10000000,10000000,10000000,10000000,10000000,10000000,10000000,10000000,10000000,10000000,10000000,10000000,10000000,10000000,10000000,10000000,10000000,10000000,10000000,10000000,10000000,10000000,10000000,10000000,10000000,10000000,10000000,10000000,10000000,10000000,10000000,10000000,10000000,10000000,10000000,10000000,10000000,10000000,10000000,10000000,10000000,10000000,10000000,10000000,10000000,10000000,10000000,10000000,10000000,10000000,10000000,10000000,10000000,10000000,10000000,10000000,10000000,10000000,10000000,10000000,10000000,10000000,10000000,10000000,10000000,10000000,10000000,10000000,10000000,10000000,10000000,10000000,10000000,10000000,10000000,10000000,10000000,10000000,10000000,10000000,10000000,10000000,10000000,10000000,10000000,10000000,10000000,10000000,10000000,10000000,10000000,10000000,10000000,10000000,10000000,10000000,10000000,10000000,10000000,10000000,10000000,10000000,10000000,10000000,10000000,10000000,10000000,10000000,10000000,10000000,10000000,10000000,10000000
8,32,mini pekka,archers,arrows,minions,2,1,1,1,0,0,1,0,,,0,,,0,,,0,,,0,,,0,,,0,,,0,,,0,,,0,,,0,,,0,,,0,,,0,,,1,210.0,282.0,0,,,0,,,0,,,1,392.0,242.0,0,,,0,,,0,,,10000000,10000000,10000000,10000000,10000000,10000000,10000000,10000000,10000000,10000000,10000000,10000000,10000000,10000000,10000000,10000000,10000000,10000000,10000000,10000000,10000000,10000000,10000000,10000000,10000000,10000000,10000000,10000000,10000000,10000000,10000000,10000000,10000000,10000000,10000000,10000000,10000000,10000000,10000000,10000000,10000000,10000000,10000000,10000000,10000000,10000000,10000000,10000000,10000000,10000000,10000000,10000000,10000000,10000000,10000000,10000000,10000000,10000000,10000000,10000000,10000000,10000000,10000000,10000000,10000000,10000000,10000000,10000000,10000000,10000000,10000000,10000000,10000000,10000000,10000000,10000000,10000000,10000000,10000000,10000000,10000000,10000000,10000000,10000000,10000000,10000000,10000000,10000000,10000000,10000000,10000000,10000000,10000000,10000000,10000000,10000000,10000000,10000000,10000000,10000000,10000000,10000000,10000000,10000000,10000000,10000000,10000000,10000000,10000000,10000000,10000000,10000000,10000000,10000000,10000000,10000000,10000000,10000000,10000000,10000000,10000000
8,33,mini pekka,archers,arrows,minions,3,1,1,1,0,0,1,0,,,0,,,0,,,0,,,0,,,0,,,0,,,0,,,0,,,0,,,0,,,0,,,0,,,0,,,1,198.0,238.0,0,,,0,,,0,,,0,,,0,,,0,,,0,,,10000000,10000000,10000000,10000000,10000000,10000000,10000000,10000000,10000000,10000000,10000000,10000000,10000000,10000000,10000000,10000000,10000000,10000000,10000000,10000000,10000000,10000000,10000000,10000000,10000000,10000000,10000000,10000000,10000000,10000000,10000000,10000000,10000000,10000000,10000000,10000000,10000000,10000000,10000000,10000000,10000000,10000000,10000000,10000000,10000000,10000000,10000000,10000000,10000000,10000000,10000000,10000000,10000000,10000000,10000000,10000000,10000000,10000000,10000000,10000000,10000000,10000000,10000000,10000000,10000000,10000000,10000000,10000000,10000000,10000000,10000000,10000000,10000000,10000000,10000000,10000000,10000000,10000000,10000000,10000000,10000000,10000000,10000000,10000000,10000000,10000000,10000000,10000000,10000000,10000000,10000000,10000000,10000000,10000000,10000000,10000000,10000000,10000000,10000000,10000000,10000000,10000000,10000000,10000000,10000000,10000000,10000000,10000000,10000000,10000000,10000000,10000000,10000000,10000000,10000000,10000000,10000000,10000000,10000000,10000000,10000000
8,34,mini pekka,archers,arrows,minions,4,1,1,1,0,0,1,0,,,0,,,0,,,0,,,0,,,0,,,0,,,0,,,0,,,0,,,0,,,0,,,0,,,0,,,0,,,0,,,0,,,0,,,0,,,0,,,0,,,0,,,10000000,10000000,10000000,10000000,10000000,10000000,10000000,10000000,10000000,10000000,10000000,10000000,10000000,10000000,10000000,10000000,10000000,10000000,10000000,10000000,10000000,10000000,10000000,10000000,10000000,10000000,10000000,10000000,10000000,10000000,10000000,10000000,10000000,10000000,10000000,10000000,10000000,10000000,10000000,10000000,10000000,10000000,10000000,10000000,10000000,10000000,10000000,10000000,10000000,10000000,10000000,10000000,10000000,10000000,10000000,10000000,10000000,10000000,10000000,10000000,10000000,10000000,10000000,10000000,10000000,10000000,10000000,10000000,10000000,10000000,10000000,10000000,10000000,10000000,10000000,10000000,10000000,10000000,10000000,10000000,10000000,10000000,10000000,10000000,10000000,10000000,10000000,10000000,10000000,10000000,10000000,10000000,10000000,10000000,10000000,10000000,10000000,10000000,10000000,10000000,10000000,10000000,10000000,10000000,10000000,10000000,10000000,10000000,10000000,10000000,10000000,10000000,10000000,10000000,10000000,10000000,10000000,10000000,10000000,10000000,10000000
8,35,mini pekka,archers,,minions,1,1,1,1,0,0,1,0,,,0,,,0,,,0,,,0,,,0,,,0,,,0,,,0,,,0,,,0,,,0,,,0,,,0,,,1,204.0,198.0,0,,,0,,,0,,,0,,,0,,,0,,,0,,,10000000,10000000,10000000,10000000,10000000,10000000,10000000,10000000,10000000,10000000,10000000,10000000,10000000,10000000,10000000,10000000,10000000,10000000,10000000,10000000,10000000,10000000,10000000,10000000,10000000,10000000,10000000,10000000,10000000,10000000,10000000,10000000,10000000,10000000,10000000,10000000,10000000,10000000,10000000,10000000,10000000,10000000,10000000,10000000,10000000,10000000,10000000,10000000,10000000,10000000,10000000,10000000,10000000,10000000,10000000,10000000,10000000,10000000,10000000,10000000,10000000,10000000,10000000,10000000,10000000,10000000,10000000,10000000,10000000,10000000,10000000,10000000,10000000,10000000,10000000,10000000,10000000,10000000,10000000,10000000,10000000,10000000,10000000,10000000,10000000,10000000,10000000,10000000,10000000,10000000,10000000,10000000,10000000,10000000,10000000,10000000,10000000,10000000,10000000,10000000,10000000,10000000,10000000,10000000,10000000,10000000,10000000,10000000,10000000,10000000,10000000,10000000,10000000,10000000,10000000,10000000,10000000,10000000,10000000,10000000,10000000
